LDEV_D2CS_Trans_X514-1.csv
Serial number : xxxxx(RAID600)
From : 2014/04/01 17:23
To   : 2014/04/02 01:23
sampling rate : 5

"No.","time","00:02:14 X"
"1","2014/04/01 17:28",0
"2","2014/04/01 17:33",0
"3","2014/04/01 17:38",0
"4","2014/04/01 17:43",0
"5","2014/04/01 17:48",0
"6","2014/04/01 17:53",0
"7","2014/04/01 17:58",0
"8","2014/04/01 18:03",0
"9","2014/04/01 18:08",0
"10","2014/04/01 18:13",0
"11","2014/04/01 18:18",0
"12","2014/04/01 18:23",0
"13","2014/04/01 18:28",0
"14","2014/04/01 18:33",0
"15","2014/04/01 18:38",0
"16","2014/04/01 18:43",0
"17","2014/04/01 18:48",0
"18","2014/04/01 18:53",0
"19","2014/04/01 18:58",0
"20","2014/04/01 19:03",0
"21","2014/04/01 19:08",0
"22","2014/04/01 19:13",0
"23","2014/04/01 19:18",0
"24","2014/04/01 19:23",0
"25","2014/04/01 19:28",0
"26","2014/04/01 19:33",0
"27","2014/04/01 19:38",0
"28","2014/04/01 19:43",0
"29","2014/04/01 19:48",0
"30","2014/04/01 19:53",0
"31","2014/04/01 19:58",0
"32","2014/04/01 20:03",0
"33","2014/04/01 20:08",0
"34","2014/04/01 20:13",0
"35","2014/04/01 20:18",0
"36","2014/04/01 20:23",0
"37","2014/04/01 20:28",0
"38","2014/04/01 20:33",0
"39","2014/04/01 20:38",0
"40","2014/04/01 20:43",0
"41","2014/04/01 20:48",0
"42","2014/04/01 20:53",0
"43","2014/04/01 20:58",0
"44","2014/04/01 21:03",0
"45","2014/04/01 21:08",0
"46","2014/04/01 21:13",0
"47","2014/04/01 21:18",0
"48","2014/04/01 21:23",0
"49","2014/04/01 21:28",0
"50","2014/04/01 21:33",0
"51","2014/04/01 21:38",0
"52","2014/04/01 21:43",0
"53","2014/04/01 21:48",0
"54","2014/04/01 21:53",0
"55","2014/04/01 21:58",0
"56","2014/04/01 22:03",0
"57","2014/04/01 22:08",3
"58","2014/04/01 22:13",2
"59","2014/04/01 22:18",1
"60","2014/04/01 22:23",2
"61","2014/04/01 22:28",3
"62","2014/04/01 22:33",4
"63","2014/04/01 22:38",3
"64","2014/04/01 22:43",2
"65","2014/04/01 22:48",3
"66","2014/04/01 22:53",5
"67","2014/04/01 22:58",3
"68","2014/04/01 23:03",5
"69","2014/04/01 23:08",4
"70","2014/04/01 23:13",3
"71","2014/04/01 23:18",3
"72","2014/04/01 23:23",3
"73","2014/04/01 23:28",2
"74","2014/04/01 23:33",2
"75","2014/04/01 23:38",2
"76","2014/04/01 23:43",1
"77","2014/04/01 23:48",2
"78","2014/04/01 23:53",2
"79","2014/04/01 23:58",1
"80","2014/04/02 00:03",1
"81","2014/04/02 00:08",0
"82","2014/04/02 00:13",0
"83","2014/04/02 00:18",1
"84","2014/04/02 00:23",2
"85","2014/04/02 00:28",0
"86","2014/04/02 00:33",0
"87","2014/04/02 00:38",0
"88","2014/04/02 00:43",0
"89","2014/04/02 00:48",0
"90","2014/04/02 00:53",0
"91","2014/04/02 00:58",1
"92","2014/04/02 01:03",0
"93","2014/04/02 01:08",0
"94","2014/04/02 01:13",3
"95","2014/04/02 01:18",3
"96","2014/04/02 01:23",2
